date,version,transactionHash,amount,from,to
2025-06-21T19:21:03.219Z,2922778262,0x93894510741d54d574b47043fd00d568aa1848395bf062dcc4eb99b3c509fbbf,62860441076,0x86e2e7e782703e28363181ea2210979785eac8f6eb63252c188d145e34b460d0,0x7708c51082c410c15ad935ab46dabc83fffe62841954ebb857e4fe86cc9c9e27
2025-06-23T19:21:20.804Z,2935137526,0x514cf74f397d92fa50783075bec4836da318436547dcd0ab57fa8fd42ef3e991,190962835000,0x86e2e7e782703e28363181ea2210979785eac8f6eb63252c188d145e34b460d0,0x7708c51082c410c15ad935ab46dabc83fffe62841954ebb857e4fe86cc9c9e27
2025-06-25T19:21:32.350Z,2948317024,0x5a7880088a9e36465f9ee0666a1f18fc497b00cd90009416434e8b500d0e8545,154963609172,0x86e2e7e782703e28363181ea2210979785eac8f6eb63252c188d145e34b460d0,0x7708c51082c410c15ad935ab46dabc83fffe62841954ebb857e4fe86cc9c9e27
2025-06-27T19:21:00.771Z,2962276337,0x112be843a95540d5c25a3f7d1cf62cc58e96d9e87ccd7de977baa09a9dfbe472,226869395000,0x86e2e7e782703e28363181ea2210979785eac8f6eb63252c188d145e34b460d0,0x7708c51082c410c15ad935ab46dabc83fffe62841954ebb857e4fe86cc9c9e27
2025-06-29T19:20:30.846Z,2973808113,0x1d77e1c2690584c971dd31e6998a9d62a1bd0983ce22749b236de9e287970210,1844176590000,0x86e2e7e782703e28363181ea2210979785eac8f6eb63252c188d145e34b460d0,0x7708c51082c410c15ad935ab46dabc83fffe62841954ebb857e4fe86cc9c9e27
2025-07-01T19:20:36.226Z,2985791981,0x2e9bc8426ba4f4d1f872f669d333771f59f04e070a337f1a4331da7a7c165769,617882470001,0x86e2e7e782703e28363181ea2210979785eac8f6eb63252c188d145e34b460d0,0x7708c51082c410c15ad935ab46dabc83fffe62841954ebb857e4fe86cc9c9e27
2025-07-06T19:20:30.452Z,3015537290,0xfb957689edc7063fa4b45b3fa6fbf32eb584b477514c73857da5f7d03dc90132,976751890000,0x86e2e7e782703e28363181ea2210979785eac8f6eb63252c188d145e34b460d0,0x7708c51082c410c15ad935ab46dabc83fffe62841954ebb857e4fe86cc9c9e27
2025-07-08T19:20:32.627Z,3026181986,0xa2f3b5309185c86cf64fca7255f4a44356e3c18bff2775ec2301eda77495e38c,2137799432200,0x86e2e7e782703e28363181ea2210979785eac8f6eb63252c188d145e34b460d0,0x7708c51082c410c15ad935ab46dabc83fffe62841954ebb857e4fe86cc9c9e27
2025-07-10T18:49:30.083Z,3036649874,0xb00a6d9cdb4c9f7318313842734178fca78c9402c167c7333603fb4040131a5f,1988199395000,0x86e2e7e782703e28363181ea2210979785eac8f6eb63252c188d145e34b460d0,0x7708c51082c410c15ad935ab46dabc83fffe62841954ebb857e4fe86cc9c9e27
2025-07-11T19:20:57.591Z,3042638634,0xebdcedaa6c06fbbe65979e7caaef6f9cf0281b65680e2aefd3413ffa182b7f73,233827158700,0x86e2e7e782703e28363181ea2210979785eac8f6eb63252c188d145e34b460d0,0x7708c51082c410c15ad935ab46dabc83fffe62841954ebb857e4fe86cc9c9e27
2025-07-13T00:01:21.765Z,3049243092,0x1259f9f2600b2dc0403baeccbde1dc11fbd5be7890c2cfb85c33cf736aedd527,965706445000,0x86e2e7e782703e28363181ea2210979785eac8f6eb63252c188d145e34b460d0,0x7708c51082c410c15ad935ab46dabc83fffe62841954ebb857e4fe86cc9c9e27
2025-07-13T16:26:05.026Z,3053093196,0xa85d794d7592e6a44294343c38c8c2da3d243ee1ad9411183c0474f91058ac0f,1687546305000,0x86e2e7e782703e28363181ea2210979785eac8f6eb63252c188d145e34b460d0,0x7708c51082c410c15ad935ab46dabc83fffe62841954ebb857e4fe86cc9c9e27
2025-07-14T08:58:14.495Z,3056934094,0x89184379141d20447a3413127977eb85579beba3ff73e3e16203ac047acd1ce3,551216485000,0x86e2e7e782703e28363181ea2210979785eac8f6eb63252c188d145e34b460d0,0x7708c51082c410c15ad935ab46dabc83fffe62841954ebb857e4fe86cc9c9e27
2025-07-14T14:14:42.228Z,3058220909,0xc4fa0b288e41862080803ade05cc71c86a19ccf011fff9f4197caf83c868dab1,103651970000,0x86e2e7e782703e28363181ea2210979785eac8f6eb63252c188d145e34b460d0,0x7708c51082c410c15ad935ab46dabc83fffe62841954ebb857e4fe86cc9c9e27
2025-07-14T15:25:59.535Z,3058562537,0x9330ab3ffaf461127ea1ddca01e679b5f9e1c433805f9c52d30d9303bb861d8c,111799505000,0x86e2e7e782703e28363181ea2210979785eac8f6eb63252c188d145e34b460d0,0x7708c51082c410c15ad935ab46dabc83fffe62841954ebb857e4fe86cc9c9e27
2025-07-14T17:23:19.086Z,3059061954,0x6e8a03e15826e819eee9cbeec8ec4b7b68dedc8ed9bac2ea205d8c6a1c65424e,116296505000,0x86e2e7e782703e28363181ea2210979785eac8f6eb63252c188d145e34b460d0,0x7708c51082c410c15ad935ab46dabc83fffe62841954ebb857e4fe86cc9c9e27
2025-07-14T18:54:40.369Z,3059432990,0x721a8bc32128096488b95fbda4900c3e6d4e626720c55884fa8c3e0a5ce96b4d,193644505000,0x86e2e7e782703e28363181ea2210979785eac8f6eb63252c188d145e34b460d0,0x7708c51082c410c15ad935ab46dabc83fffe62841954ebb857e4fe86cc9c9e27
2025-07-15T02:19:11.598Z,3061103771,0x23453d7f58ee68749671a39bdb572f9530e943d2ee2822bb83cc7f5c22b660a8,105968000000,0x86e2e7e782703e28363181ea2210979785eac8f6eb63252c188d145e34b460d0,0x7708c51082c410c15ad935ab46dabc83fffe62841954ebb857e4fe86cc9c9e27
2025-07-15T07:24:28.083Z,3062412575,0x775cbe0c627822b744f22c31f64bed72d5c94c75725ab264f1185fc72f059e13,105700000000,0x86e2e7e782703e28363181ea2210979785eac8f6eb63252c188d145e34b460d0,0x7708c51082c410c15ad935ab46dabc83fffe62841954ebb857e4fe86cc9c9e27
2025-07-15T08:37:57.910Z,3062665478,0x33ed998bba12ed592e8380f455441912f27fb62ce4f2c679d6a466f1c7fcf422,91895000000,0x86e2e7e782703e28363181ea2210979785eac8f6eb63252c188d145e34b460d0,0x7708c51082c410c15ad935ab46dabc83fffe62841954ebb857e4fe86cc9c9e27
2025-07-15T09:23:19.858Z,3062821128,0xec71aea6a498bdbdb527421f065cdc3237caca27270432409f4476a51158f2d7,182617000000,0x86e2e7e782703e28363181ea2210979785eac8f6eb63252c188d145e34b460d0,0x7708c51082c410c15ad935ab46dabc83fffe62841954ebb857e4fe86cc9c9e27
2025-07-15T11:14:24.372Z,3063233156,0x3c713388090eedf131721f8a7d07ad4095cf430ae2f602cd3b2fe3b99195851f,113263000000,0x86e2e7e782703e28363181ea2210979785eac8f6eb63252c188d145e34b460d0,0x7708c51082c410c15ad935ab46dabc83fffe62841954ebb857e4fe86cc9c9e27
2025-07-15T12:45:20.227Z,3063607391,0x10b1b476288aa31fe951298e9d4cad87313fb263438715a0133ed3e1d4107971,126499000000,0x86e2e7e782703e28363181ea2210979785eac8f6eb63252c188d145e34b460d0,0x7708c51082c410c15ad935ab46dabc83fffe62841954ebb857e4fe86cc9c9e27
2025-07-15T15:03:18.597Z,3064189457,0x1e13510b7e5c9957eebdd692fa416048f7e79f42d24bc7fa3dbfa888ec7fa881,114271000000,0x86e2e7e782703e28363181ea2210979785eac8f6eb63252c188d145e34b460d0,0x7708c51082c410c15ad935ab46dabc83fffe62841954ebb857e4fe86cc9c9e27
2025-07-15T16:10:22.936Z,3064482604,0x119b7afa51fb46072e78463405e2d9c881147aa2c02f3cd51d9c7e3ab9e82056,103941970000,0x86e2e7e782703e28363181ea2210979785eac8f6eb63252c188d145e34b460d0,0x7708c51082c410c15ad935ab46dabc83fffe62841954ebb857e4fe86cc9c9e27
2025-07-15T21:59:41.174Z,3065785837,0x5e9ff1460a2561541145ec5c7c00b0342dcd27e6c1652a196fb6197383cbb463,117604000000,0x86e2e7e782703e28363181ea2210979785eac8f6eb63252c188d145e34b460d0,0x7708c51082c410c15ad935ab46dabc83fffe62841954ebb857e4fe86cc9c9e27
2025-07-16T01:15:15.672Z,3066474272,0x9a3aaae6bf4407e914b9b81ba967e38f3354f71182b4622c0ebfab471eaa0774,2999970000,0x86e2e7e782703e28363181ea2210979785eac8f6eb63252c188d145e34b460d0,0x7708c51082c410c15ad935ab46dabc83fffe62841954ebb857e4fe86cc9c9e27
2025-07-16T08:20:57.345Z,3068155825,0x21e2d90d2733eb46d403ba8277dc82ffb6d004a2a83eaed74aecf4a26e01255f,116888000000,0x86e2e7e782703e28363181ea2210979785eac8f6eb63252c188d145e34b460d0,0x7708c51082c410c15ad935ab46dabc83fffe62841954ebb857e4fe86cc9c9e27
2025-07-16T10:14:23.492Z,3068603322,0x509ced1107688a687c50f6f4f6545c462d06a2d333763c70e1e3d1723bdab51f,96052000000,0x86e2e7e782703e28363181ea2210979785eac8f6eb63252c188d145e34b460d0,0x7708c51082c410c15ad935ab46dabc83fffe62841954ebb857e4fe86cc9c9e27
2025-07-16T13:11:49.172Z,3069314904,0xadb9b3dabd45288f2d217454d92e3eee4b44719bdb17bb3f99ca71f637fdae51,212042505000,0x86e2e7e782703e28363181ea2210979785eac8f6eb63252c188d145e34b460d0,0x7708c51082c410c15ad935ab46dabc83fffe62841954ebb857e4fe86cc9c9e27
2025-07-16T13:58:18.554Z,3069526596,0x597ebaabbddd8101ccbb610410f98b0ff6296fc8c69a8e719201b165f3086cdc,104544505000,0x86e2e7e782703e28363181ea2210979785eac8f6eb63252c188d145e34b460d0,0x7708c51082c410c15ad935ab46dabc83fffe62841954ebb857e4fe86cc9c9e27
2025-07-16T15:06:37.361Z,3069923431,0xcd12d21c0dec09cdda629e1ab2c23e88643a0135aaeee416e43c94a35ee89bde,112031970000,0x86e2e7e782703e28363181ea2210979785eac8f6eb63252c188d145e34b460d0,0x7708c51082c410c15ad935ab46dabc83fffe62841954ebb857e4fe86cc9c9e27
2025-07-16T19:20:33.566Z,3070910968,0x28fc424cfd7b25fdd7250861ddf7394add79d27c5a992628a51be4415599bab9,356156010000,0x86e2e7e782703e28363181ea2210979785eac8f6eb63252c188d145e34b460d0,0x7708c51082c410c15ad935ab46dabc83fffe62841954ebb857e4fe86cc9c9e27
2025-07-17T04:58:21.109Z,3072596450,0x3d22320305cac9d1355848842c93c4cb8ae64107345e5d7f8185929c60da6162,802397455000,0x86e2e7e782703e28363181ea2210979785eac8f6eb63252c188d145e34b460d0,0x7708c51082c410c15ad935ab46dabc83fffe62841954ebb857e4fe86cc9c9e27
2025-07-17T05:45:59.671Z,3072797663,0xb267967d175d38ef3f3fc4ebeff18252d9af01c69057ea856e7a5b0e9e65a163,108421000000,0x86e2e7e782703e28363181ea2210979785eac8f6eb63252c188d145e34b460d0,0x7708c51082c410c15ad935ab46dabc83fffe62841954ebb857e4fe86cc9c9e27
2025-07-17T06:54:21.448Z,3073024383,0xe5df078eedf9f9f88bc932496c185c6fc227522ed71023143647595c3ff2ca7e,107078970000,0x86e2e7e782703e28363181ea2210979785eac8f6eb63252c188d145e34b460d0,0x7708c51082c410c15ad935ab46dabc83fffe62841954ebb857e4fe86cc9c9e27
2025-07-17T17:42:58.446Z,3075726386,0x6b54e2558f95f9e567c05038f663e457d9a60679e331edce96de1ee5dc3cbccc,681565860000,0x86e2e7e782703e28363181ea2210979785eac8f6eb63252c188d145e34b460d0,0x7708c51082c410c15ad935ab46dabc83fffe62841954ebb857e4fe86cc9c9e27
2025-07-18T00:35:04.810Z,3077211507,0x1fc01bceb4d62ad6e732daf7f5ef335dc9ec895561eae6044ee6b33180d87525,525118950000,0x86e2e7e782703e28363181ea2210979785eac8f6eb63252c188d145e34b460d0,0x7708c51082c410c15ad935ab46dabc83fffe62841954ebb857e4fe86cc9c9e27
2025-07-18T04:07:19.204Z,3078092725,0xf6d32d3270280831352c79cc17b4ce2d91e56fd04cd1afbe08bd6c1945f702e2,220038475000,0x86e2e7e782703e28363181ea2210979785eac8f6eb63252c188d145e34b460d0,0x7708c51082c410c15ad935ab46dabc83fffe62841954ebb857e4fe86cc9c9e27
2025-07-18T05:26:42.906Z,3078399890,0xf632807451c9fd2b53f9243fe1d8a7458409788ab49222de364c00107ad3ffc9,215295970000,0x86e2e7e782703e28363181ea2210979785eac8f6eb63252c188d145e34b460d0,0x7708c51082c410c15ad935ab46dabc83fffe62841954ebb857e4fe86cc9c9e27
2025-07-18T06:49:19.327Z,3078736095,0x26db8eb565ba379bed0483989960dfcff12d87e09e60f84db2c01e1b4aa2236c,114163505000,0x86e2e7e782703e28363181ea2210979785eac8f6eb63252c188d145e34b460d0,0x7708c51082c410c15ad935ab46dabc83fffe62841954ebb857e4fe86cc9c9e27
2025-07-18T07:59:12.945Z,3079033291,0x7966aaef5cc104eac83b4007aa8987ac78b3fb18c7fde343cc0b3bdf96736d6a,104174505000,0x86e2e7e782703e28363181ea2210979785eac8f6eb63252c188d145e34b460d0,0x7708c51082c410c15ad935ab46dabc83fffe62841954ebb857e4fe86cc9c9e27
2025-07-18T18:25:17.625Z,3081762982,0x6344011944f72253c6baa7f970a12eec1b1143019075a31a9a688683d51f7ad8,672867425000,0x86e2e7e782703e28363181ea2210979785eac8f6eb63252c188d145e34b460d0,0x7708c51082c410c15ad935ab46dabc83fffe62841954ebb857e4fe86cc9c9e27
2025-07-19T03:51:08.259Z,3083991881,0x131bb3952488c06a7beeeb5bc4bcc4599c7f0f28e7a46e3a64039a37a0db5bde,225968970000,0x86e2e7e782703e28363181ea2210979785eac8f6eb63252c188d145e34b460d0,0x7708c51082c410c15ad935ab46dabc83fffe62841954ebb857e4fe86cc9c9e27
2025-07-19T19:20:35.122Z,3087723116,0x4b4550e455d81a73ca71c4eb6a29b299f51546a5b82939af286df21c875f3e1b,788531475000,0x86e2e7e782703e28363181ea2210979785eac8f6eb63252c188d145e34b460d0,0x7708c51082c410c15ad935ab46dabc83fffe62841954ebb857e4fe86cc9c9e27
2025-07-20T11:48:26.893Z,3091650920,0x08625d6f94c050e2557098877b49388c6b4f2e2af788edbd22e31d6b3c0df38b,1274468405000,0x86e2e7e782703e28363181ea2210979785eac8f6eb63252c188d145e34b460d0,0x7708c51082c410c15ad935ab46dabc83fffe62841954ebb857e4fe86cc9c9e27
2025-07-21T06:04:48.340Z,3096041413,0x9d97a46bc6fa818fa46f5658c369e89ff09b70c79520fefee776b2d1c69279d7,1505154940000,0x86e2e7e782703e28363181ea2210979785eac8f6eb63252c188d145e34b460d0,0x7708c51082c410c15ad935ab46dabc83fffe62841954ebb857e4fe86cc9c9e27
2025-07-21T17:39:23.223Z,3099018131,0xf384a721d77762441068e9a2ce715671d12c6acb83ae87e955b1410847ad6031,694377980000,0x86e2e7e782703e28363181ea2210979785eac8f6eb63252c188d145e34b460d0,0x7708c51082c410c15ad935ab46dabc83fffe62841954ebb857e4fe86cc9c9e27
2025-07-22T19:20:26.933Z,3104992614,0x404da3219759f155665849b69111430150fb23b2be02dc65e61f34cf8c32a1ae,1212683395000,0x86e2e7e782703e28363181ea2210979785eac8f6eb63252c188d145e34b460d0,0x7708c51082c410c15ad935ab46dabc83fffe62841954ebb857e4fe86cc9c9e27
2025-07-24T04:43:00.890Z,3111084020,0xb43a0ec6e65f9b5731f940375efa511d3e8868f655f3e6717a5f97e88bc6ff50,2090611920000,0x86e2e7e782703e28363181ea2210979785eac8f6eb63252c188d145e34b460d0,0x7708c51082c410c15ad935ab46dabc83fffe62841954ebb857e4fe86cc9c9e27
2025-07-24T19:22:29.523Z,3114077543,0x065afdea3698ab53964de6f7247b76d2e520669cd3a9156ba37dafd4b8ff8be7,1234628275000,0x86e2e7e782703e28363181ea2210979785eac8f6eb63252c188d145e34b460d0,0x7708c51082c410c15ad935ab46dabc83fffe62841954ebb857e4fe86cc9c9e27
2025-07-25T16:04:58.383Z,3118508585,0x116e71025e3c2ab762a360ca8f18918cbb22fd1a02ff49fb9e4649c7d19dc079,1661762375000,0x86e2e7e782703e28363181ea2210979785eac8f6eb63252c188d145e34b460d0,0x7708c51082c410c15ad935ab46dabc83fffe62841954ebb857e4fe86cc9c9e27
2025-07-26T19:20:24.736Z,3124424405,0xd55ae0e69c0748720dcfac54e76ada3f9ab3598f9014012752fb3e36f95bf4a3,2643221255000,0x86e2e7e782703e28363181ea2210979785eac8f6eb63252c188d145e34b460d0,0x7708c51082c410c15ad935ab46dabc83fffe62841954ebb857e4fe86cc9c9e27
2025-07-27T19:20:25.943Z,3129858119,0xb5d6e818bd2c17b0c4a354e478ac8fe489122ff62d1ad7bec9b49cb86d3272c2,2465281395000,0x86e2e7e782703e28363181ea2210979785eac8f6eb63252c188d145e34b460d0,0x7708c51082c410c15ad935ab46dabc83fffe62841954ebb857e4fe86cc9c9e27
2025-07-29T07:06:22.927Z,3138810353,0xd7a902eaaf3d210b249c5445a58000b3c86465eb2eec7fe950d138cd79bdcd5c,1631528435000,0x86e2e7e782703e28363181ea2210979785eac8f6eb63252c188d145e34b460d0,0x7708c51082c410c15ad935ab46dabc83fffe62841954ebb857e4fe86cc9c9e27
2025-07-30T19:20:38.937Z,3148270046,0x3d50284e3c53f9da862d072656651a6cecde7b09227ec5a4b158c57daf1c7f50,3122371000000,0x86e2e7e782703e28363181ea2210979785eac8f6eb63252c188d145e34b460d0,0x7708c51082c410c15ad935ab46dabc83fffe62841954ebb857e4fe86cc9c9e27
2025-08-01T19:20:34.211Z,3160390434,0xbba10b1bd992f01cce28e19fbfbadec3cf649eb39f840a4254b97eeb4e1f118a,412629970000,0x86e2e7e782703e28363181ea2210979785eac8f6eb63252c188d145e34b460d0,0x7708c51082c410c15ad935ab46dabc83fffe62841954ebb857e4fe86cc9c9e27
2025-08-03T19:20:25.640Z,3172166310,0x2f7bd4ce53597c2e447390ad90d49cd2d62420579c37522a77157d17f697f352,3705601000000,0x86e2e7e782703e28363181ea2210979785eac8f6eb63252c188d145e34b460d0,0x7708c51082c410c15ad935ab46dabc83fffe62841954ebb857e4fe86cc9c9e27
2025-08-06T19:21:25.100Z,3187523771,0x6131c2943895f8d19c2c89cd28cb67f353fc2cc08e1f7489d91b690c0f2148df,197892000000,0x86e2e7e782703e28363181ea2210979785eac8f6eb63252c188d145e34b460d0,0x7708c51082c410c15ad935ab46dabc83fffe62841954ebb857e4fe86cc9c9e27
2025-08-07T19:22:26.577Z,3193595577,0x617464a4bad73c524678b147a38449db6fa59997aa34f522ae5972a1698cefc7,9999970000,0x86e2e7e782703e28363181ea2210979785eac8f6eb63252c188d145e34b460d0,0x7708c51082c410c15ad935ab46dabc83fffe62841954ebb857e4fe86cc9c9e27
2025-08-11T12:31:44.801Z,3215663708,0xfe1f872332c6e36224b805dc1282c173ee53fabb776ee3e4ed27002725483682,70874061896,0x86e2e7e782703e28363181ea2210979785eac8f6eb63252c188d145e34b460d0,0x7708c51082c410c15ad935ab46dabc83fffe62841954ebb857e4fe86cc9c9e27
2025-08-12T14:07:40.065Z,3222291417,0xaa3a1afefb25b8c45424abe9031457332e647b10d1f94a9215daf93e69d45a6c,79999970000,0x86e2e7e782703e28363181ea2210979785eac8f6eb63252c188d145e34b460d0,0x7708c51082c410c15ad935ab46dabc83fffe62841954ebb857e4fe86cc9c9e27
2025-08-15T15:30:33.777Z,3239841842,0x9ef43ecbad9dbec387b4d574e148d3bb751166a89ff7279d30aae9f5874fafbe,38586090000,0x86e2e7e782703e28363181ea2210979785eac8f6eb63252c188d145e34b460d0,0x7708c51082c410c15ad935ab46dabc83fffe62841954ebb857e4fe86cc9c9e27
2025-08-16T19:22:04.414Z,3245657817,0x8022a8d08f6e1a530688404ed7394771d7935bc8d8849cccda360e0582b5f6ef,20010250000,0x86e2e7e782703e28363181ea2210979785eac8f6eb63252c188d145e34b460d0,0x7708c51082c410c15ad935ab46dabc83fffe62841954ebb857e4fe86cc9c9e27
2025-08-20T12:31:00.642Z,3264236199,0x976589accc929ef730d7c9ff18930cec73c2647df7c2706a294d68570a0eb6c1,14023335160,0x86e2e7e782703e28363181ea2210979785eac8f6eb63252c188d145e34b460d0,0x7708c51082c410c15ad935ab46dabc83fffe62841954ebb857e4fe86cc9c9e27
2025-08-21T16:35:59.122Z,3270412293,0xcd497415acaf8679fe84662ac79089d5b41d38da82334b83779d02aec83cf637,3999970000,0x86e2e7e782703e28363181ea2210979785eac8f6eb63252c188d145e34b460d0,0x7708c51082c410c15ad935ab46dabc83fffe62841954ebb857e4fe86cc9c9e27
2025-08-23T19:22:00.703Z,3282678489,0x74d9a8438149c7a8b0bfed4686c8d0c369ccf5b1737862e4dc66c266e5a4fc52,19999505000,0x86e2e7e782703e28363181ea2210979785eac8f6eb63252c188d145e34b460d0,0x7708c51082c410c15ad935ab46dabc83fffe62841954ebb857e4fe86cc9c9e27
2025-08-28T10:46:00.227Z,3308371661,0x0ba9974aea498f1a68e3629c68c04471941da12306f332a4bab67aa7c0b18803,9999970000,0x86e2e7e782703e28363181ea2210979785eac8f6eb63252c188d145e34b460d0,0x7708c51082c410c15ad935ab46dabc83fffe62841954ebb857e4fe86cc9c9e27
2025-09-15T19:25:35.253Z,3406109979,0xa9d235cbb2a2717894d6129d5dea493181d8778452a71e9321cfb7f63e192f73,10367098408,0x86e2e7e782703e28363181ea2210979785eac8f6eb63252c188d145e34b460d0,0x7708c51082c410c15ad935ab46dabc83fffe62841954ebb857e4fe86cc9c9e27
